id,first_name,last_name,email
1,Ritchie,Baddeley,rbaddeley0@economist.com
2,Katerina,Laurentino,klaurentino1@smugmug.com
3,Nan,Paolozzi,npaolozzi2@illinois.edu
4,Moishe,Kanzler,mkanzler3@nature.com
5,Tabby,Redrup,tredrup4@wsj.com
6,Lancelot,Caughan,lcaughan5@reuters.com
7,Daffi,Grunder,dgrunder6@yellowpages.com
8,Nettie,Autrie,nautrie7@springer.com
9,Callean,Chalker,cchalker8@spiegel.de
10,Ernst,Snailham,esnailham9@wikispaces.com
11,Ethe,Mottershaw,emottershawa@jigsy.com
12,Blithe,Flemming,bflemmingb@slideshare.net
13,Marie,Bethell,mbethellc@scribd.com
14,Fulton,Goare,fgoared@facebook.com
15,Tessie,Bramhill,tbramhille@gizmodo.com
16,Angil,Reams,areamsf@123-reg.co.uk
17,Darla,Diamond,ddiamondg@last.fm
18,Merrel,Sey,mseyh@desdev.cn
19,Bibby,Levison,blevisoni@geocities.jp
20,Addy,Eich,aeichj@slideshare.net
21,Darbee,Berends,dberendsk@arizona.edu
22,Lorianne,Ather,latherl@ehow.com
23,Ian,Hambidge,ihambidgem@example.com
24,Camey,Scogin,cscoginn@blogs.com
25,Roma,Feathers,rfeatherso@soundcloud.com
26,Shani,Garnsey,sgarnseyp@forbes.com
27,Brigitta,Barnewall,bbarnewallq@imdb.com
28,Quillan,Costello,qcostellor@odnoklassniki.ru
29,Olympia,Pimblett,opimbletts@indiatimes.com
30,Krissy,Abramovici,kabramovicit@ucsd.edu
31,Becka,Rivaland,brivalandu@pagesperso-orange.fr
32,Perkin,Raveau,praveauv@apple.com
33,Warren,Tassel,wtasselw@ucla.edu
34,Elsy,O'Shields,eoshieldsx@youtube.com
35,Corissa,Studman,cstudmany@cornell.edu
36,Arden,Gladwin,agladwinz@imdb.com
37,Holli,Crinage,hcrinage10@buzzfeed.com
38,Currie,Buxcy,cbuxcy11@geocities.com
39,Brigid,Heynen,bheynen12@discuz.net
40,Terese,Gleaves,tgleaves13@reddit.com
41,Hagen,Ambrogelli,hambrogelli14@xrea.com
42,Millicent,Hillam,mhillam15@booking.com
43,Constantia,Shenfish,cshenfish16@census.gov
44,Shir,Ireland,sireland17@nifty.com
45,Falkner,Brennon,fbrennon18@aboutads.info
46,Rosemarie,Chasmor,rchasmor19@npr.org
47,Ynes,Aucourte,yaucourte1a@bbb.org
48,Nadya,Trelease,ntrelease1b@etsy.com
49,Rhetta,Pescud,rpescud1c@ning.com
50,Karin,Castelletto,kcastelletto1d@nationalgeographic.com
51,Mahmud,Halt,mhalt1e@homestead.com
52,Ranice,Benesevich,rbenesevich1f@patch.com
53,Rhodie,Trower,rtrower1g@statcounter.com
54,Fran,Wilkowski,fwilkowski1h@newsvine.com
55,Bev,Slimming,bslimming1i@elpais.com
56,Eben,Rochester,erochester1j@telegraph.co.uk
57,Darda,Champneys,dchampneys1k@exblog.jp
58,Ragnar,Martschik,rmartschik1l@ebay.co.uk
59,Elroy,Reasce,ereasce1m@amazon.de
60,Oralie,Rhodus,orhodus1n@princeton.edu
61,Kit,Sings,ksings1o@istockphoto.com
62,Colas,Brandsen,cbrandsen1p@nifty.com
63,Latrena,Lamacraft,llamacraft1q@harvard.edu
64,Yvonne,Vogt,yvogt1r@booking.com
65,Carmelle,McNirlan,cmcnirlan1s@dropbox.com
66,Buck,Womersley,bwomersley1t@over-blog.com
67,Aland,Barthelemy,abarthelemy1u@google.com.hk
68,Emmey,Hurley,ehurley1v@yellowpages.com
69,Douglass,Kundt,dkundt1w@tripadvisor.com
70,Aeriela,Schiesterl,aschiesterl1x@canalblog.com
71,Jerrie,Thurlborn,jthurlborn1y@disqus.com
72,Madeline,Chaddock,mchaddock1z@mapy.cz
73,Leonard,Dominiak,ldominiak20@google.fr
74,Wyatan,Blaxton,wblaxton21@amazonaws.com
75,Aurelia,Melmore,amelmore22@usa.gov
76,Brook,Arkley,barkley23@si.edu
77,Kendrick,Scollard,kscollard24@nydailynews.com
78,Bobette,Bausmann,bbausmann25@hostgator.com
79,Latashia,Mauvin,lmauvin26@eventbrite.com
80,Caressa,Cay,ccay27@smh.com.au
81,Konstantin,Rowesby,krowesby28@drupal.org
82,Augustus,Jelks,ajelks29@techcrunch.com
83,Hildegarde,Suttling,hsuttling2a@feedburner.com
84,Addia,Merring,amerring2b@huffingtonpost.com
85,Guillema,Sill,gsill2c@thetimes.co.uk
86,Laina,Kirstein,lkirstein2d@facebook.com
87,Fee,Tibalt,ftibalt2e@army.mil
88,Kit,Rillstone,krillstone2f@squidoo.com
89,Elsinore,Rubenczyk,erubenczyk2g@uiuc.edu
90,Elmo,Lewerenz,elewerenz2h@macromedia.com
91,Katheryn,Vondrys,kvondrys2i@xinhuanet.com
92,Isobel,Hodinton,ihodinton2j@sfgate.com
93,Bart,McKniely,bmckniely2k@wikimedia.org
94,Langsdon,Skews,lskews2l@wikia.com
95,Emiline,Burtonwood,eburtonwood2m@msn.com
96,Rochette,Purdie,rpurdie2n@miitbeian.gov.cn
97,Sunshine,Stute,sstute2o@buzzfeed.com
98,Perceval,Alvy,palvy2p@discovery.com
99,Adolf,Speakman,aspeakman2q@constantcontact.com
100,Allina,Blackborow,ablackborow2r@census.gov
101,Lucia,Wildish,lwildish2s@toplist.cz
102,Rafe,Marginson,rmarginson2t@wufoo.com
103,Toby,Lademann,tlademann2u@bbc.co.uk
104,Layton,Bourthoumieux,lbourthoumieux2v@last.fm
105,Elliot,Gately,egately2w@unc.edu
106,Englebert,Durbin,edurbin2x@jugem.jp
107,Melosa,Archibould,marchibould2y@dedecms.com
108,Hedwiga,Caulton,hcaulton2z@phoca.cz
109,Tory,Philipeau,tphilipeau30@census.gov
110,Rochell,Loton,rloton31@php.net
111,Karena,Baggallay,kbaggallay32@behance.net
112,Edouard,McNeillie,emcneillie33@quantcast.com
113,Mona,Tames,mtames34@elpais.com
114,Wolfy,McGlade,wmcglade35@umich.edu
115,Neda,Fold,nfold36@pinterest.com
116,Crosby,Newbury,cnewbury37@nbcnews.com
117,Nickolai,Huke,nhuke38@360.cn
118,Calla,Carncross,ccarncross39@bandcamp.com
119,Cross,Ruckman,cruckman3a@rambler.ru
120,Crista,Boughey,cboughey3b@amazon.de
121,Neron,Pach,npach3c@altervista.org
122,Misha,Duetsche,mduetsche3d@unblog.fr
123,Trevor,Curnok,tcurnok3e@irs.gov
124,Eleanora,Hayzer,ehayzer3f@psu.edu
125,Zena,Diggle,zdiggle3g@wix.com
126,Liuka,Prall,lprall3h@wp.com
127,Otho,Valens-Smith,ovalenssmith3i@earthlink.net
128,Delinda,Gai,dgai3j@utexas.edu
129,Filippo,Bucham,fbucham3k@google.ru
130,Karly,Henworth,khenworth3l@yellowpages.com
131,Frankie,MacAllen,fmacallen3m@dedecms.com
132,Udall,Casaletto,ucasaletto3n@oakley.com
133,Lauritz,Kittoe,lkittoe3o@free.fr
134,Warner,Tattersill,wtattersill3p@1und1.de
135,Brigida,Wheelhouse,bwheelhouse3q@amazon.com
136,Stefan,Peret,speret3r@nasa.gov
137,Fonz,Hiddersley,fhiddersley3s@smugmug.com
138,Bondy,Jobin,bjobin3t@taobao.com
139,Carole,Guppey,cguppey3u@wp.com
140,Jacintha,Ludlow,jludlow3v@fotki.com
141,Lyn,Dancy,ldancy3w@weebly.com
142,Antonius,Eloi,aeloi3x@mashable.com
143,Matthaeus,Gowing,mgowing3y@moonfruit.com
144,Armstrong,O'Sesnane,aosesnane3z@dell.com
145,Thurstan,Deeley,tdeeley40@miitbeian.gov.cn
146,Nadia,Cutchey,ncutchey41@google.it
147,Jeanette,Renzo,jrenzo42@myspace.com
148,Rhianon,Costan,rcostan43@auda.org.au
149,Averell,Haliburton,ahaliburton44@gnu.org
150,Florenza,Byron,fbyron45@symantec.com
151,Timmie,Weeden,tweeden46@vimeo.com
152,Gibb,Yitzowitz,gyitzowitz47@prnewswire.com
153,Tine,Castelijn,tcastelijn48@abc.net.au
154,Taryn,Bootes,tbootes49@cisco.com
155,Melli,Cawtheray,mcawtheray4a@senate.gov
156,Clotilda,Heppenspall,cheppenspall4b@epa.gov
157,Brita,Ropcke,bropcke4c@npr.org
158,Teddy,Asson,tasson4d@hexun.com
159,Gardie,Aylwin,gaylwin4e@sciencedaily.com
160,Robbert,Cocozza,rcocozza4f@last.fm
161,Vachel,Binns,vbinns4g@symantec.com
162,Ermengarde,Baggot,ebaggot4h@pen.io
163,Gayler,Coils,gcoils4i@paginegialle.it
164,Jamie,Bingle,jbingle4j@engadget.com
165,Tye,Mottinelli,tmottinelli4k@ca.gov
166,Marne,Borleace,mborleace4l@xrea.com
167,Sophia,Le Maitre,slemaitre4m@boston.com
168,Paxon,Pendell,ppendell4n@123-reg.co.uk
169,Marleen,Ribou,mribou4o@163.com
170,Henrie,Perris,hperris4p@multiply.com
171,Paulie,Sangwine,psangwine4q@google.ru
172,Zuzana,Egdal,zegdal4r@umich.edu
173,Davon,Sevitt,dsevitt4s@gov.uk
174,Jemmy,Edmand,jedmand4t@usda.gov
175,Evanne,Eskriet,eeskriet4u@scientificamerican.com
176,Zeke,Freestone,zfreestone4v@cyberchimps.com
177,Avery,Joffe,ajoffe4w@bizjournals.com
178,Blair,Atto,batto4x@hatena.ne.jp
179,Chrissie,Figger,cfigger4y@networksolutions.com
180,Sher,Squier,ssquier4z@nih.gov
181,Gualterio,Telfer,gtelfer50@ifeng.com
182,Jarib,Dael,jdael51@wikimedia.org
183,Mignonne,Stanmer,mstanmer52@soundcloud.com
184,Davide,Marriage,dmarriage53@friendfeed.com
185,Erhart,Martijn,emartijn54@flickr.com
186,Avigdor,Chomiszewski,achomiszewski55@abc.net.au
187,Petra,Housbie,phousbie56@google.ru
188,Annelise,Gatecliff,agatecliff57@europa.eu
189,Danielle,McCully,dmccully58@nyu.edu
190,Giorgia,Nono,gnono59@hostgator.com
191,Nils,Haulkham,nhaulkham5a@cyberchimps.com
192,Erie,Ryton,eryton5b@wordpress.org
193,Bill,Calvard,bcalvard5c@gov.uk
194,Carmel,Sach,csach5d@cyberchimps.com
195,Uriah,Hakonsson,uhakonsson5e@livejournal.com
196,Jere,Cottey,jcottey5f@digg.com
197,Yoshiko,Conniam,yconniam5g@xing.com
198,Kissie,McLellan,kmclellan5h@bbb.org
199,Marketa,Heisler,mheisler5i@tiny.cc
200,Connor,Higgen,chiggen5j@ifeng.com
201,Niall,Fishly,nfishly5k@bluehost.com
202,Heinrick,Peplay,hpeplay5l@npr.org
203,Mallorie,MacAdam,mmacadam5m@toplist.cz
204,Jodee,Longstaff,jlongstaff5n@networksolutions.com
205,Eamon,Manvelle,emanvelle5o@dot.gov
206,Jeana,Supple,jsupple5p@xinhuanet.com
207,Virginia,Godridge,vgodridge5q@ucoz.com
208,Darill,Risebarer,drisebarer5r@ox.ac.uk
209,Huntlee,Cathrae,hcathrae5s@studiopress.com
210,Chiquia,Wigelsworth,cwigelsworth5t@ustream.tv
211,Kin,Ferier,kferier5u@illinois.edu
212,Erich,Aistrop,eaistrop5v@washington.edu
213,Celle,Vallance,cvallance5w@ftc.gov
214,Garner,Stean,gstean5x@diigo.com
215,Bert,Shewon,bshewon5y@jiathis.com
216,Genovera,Lilie,glilie5z@eventbrite.com
217,Lorrin,Shilliday,lshilliday60@networkadvertising.org
218,Nealon,Fairlamb,nfairlamb61@geocities.com
219,Kelby,Prichard,kprichard62@biglobe.ne.jp
220,Cyril,Myall,cmyall63@disqus.com
221,Emmery,O'Neill,eoneill64@telegraph.co.uk
222,Harper,Wild,hwild65@wisc.edu
223,Fifi,Cowden,fcowden66@jimdo.com
224,Chantal,Reynalds,creynalds67@adobe.com
225,Mark,Cubberley,mcubberley68@cnn.com
226,Mandy,Chipping,mchipping69@elegantthemes.com
227,Tamarra,Kurtis,tkurtis6a@youku.com
228,Kean,Joska,kjoska6b@pinterest.com
229,Eleonore,Ilieve,eilieve6c@berkeley.edu
230,Dulcie,Elkin,delkin6d@digg.com
231,Weidar,Welberry,wwelberry6e@cbslocal.com
232,Nehemiah,Kollasch,nkollasch6f@w3.org
233,Obidiah,Malt,omalt6g@live.com
234,Wash,Chaplain,wchaplain6h@mlb.com
235,Naomi,Eaden,neaden6i@bloglines.com
236,Maybelle,Wharfe,mwharfe6j@constantcontact.com
237,Daveta,Wraight,dwraight6k@ustream.tv
238,Rose,d'Arcy,rdarcy6l@un.org
239,Karlik,Warratt,kwarratt6m@whitehouse.gov
240,Bruce,Tubble,btubble6n@bbb.org
241,Simone,Murrells,smurrells6o@blogtalkradio.com
242,Chaim,Borg-Bartolo,cborgbartolo6p@psu.edu
243,Abdel,Mammatt,amammatt6q@salon.com
244,Aleda,Botler,abotler6r@epa.gov
245,Kippie,Margerrison,kmargerrison6s@elpais.com
246,Ninnette,Tite,ntite6t@va.gov
247,Lyndsay,Brikner,lbrikner6u@cisco.com
248,Sophronia,Merrilees,smerrilees6v@youtu.be
249,Adelaida,Iskower,aiskower6w@deviantart.com
250,Taber,Emma,temma6x@oaic.gov.au
251,Cary,Smalman,csmalman6y@seesaa.net
252,Thaddus,Munsey,tmunsey6z@ox.ac.uk
253,Reagen,Paulsen,rpaulsen70@networkadvertising.org
254,Maria,Kewley,mkewley71@about.com
255,Onfroi,Vidyapin,ovidyapin72@51.la
256,Brittney,Mariet,bmariet73@forbes.com
257,Jeff,Brahmer,jbrahmer74@cdbaby.com
258,Keith,Sanday,ksanday75@sitemeter.com
259,Oriana,Barkworth,obarkworth76@buzzfeed.com
260,Maddie,Yukhnevich,myukhnevich77@gov.uk
261,Lalo,Stienham,lstienham78@vkontakte.ru
262,Angelico,Petkovic,apetkovic79@theglobeandmail.com
263,Galven,Rainger,grainger7a@dedecms.com
264,Moises,Meadowcroft,mmeadowcroft7b@elpais.com
265,Clayborn,Cesco,ccesco7c@globo.com
266,Edwina,Gilman,egilman7d@drupal.org
267,Wernher,Trebilcock,wtrebilcock7e@tripadvisor.com
268,Putnam,Camblin,pcamblin7f@google.fr
269,Garald,Lemon,glemon7g@theglobeandmail.com
270,Tybi,Crayden,tcrayden7h@fda.gov
271,Sophey,Gorgl,sgorgl7i@friendfeed.com
272,Sherwood,Grady,sgrady7j@hatena.ne.jp
273,Bernardina,Ropcke,bropcke7k@umich.edu
274,Nolie,Walcher,nwalcher7l@desdev.cn
275,Dorthea,Stuke,dstuke7m@wikia.com
276,Sarene,Blackmore,sblackmore7n@yolasite.com
277,Wes,Eskriett,weskriett7o@amazon.co.uk
278,Trueman,Stirland,tstirland7p@house.gov
279,Abbott,Maycock,amaycock7q@nps.gov
280,Joey,Moreland,jmoreland7r@bluehost.com
281,Linnea,Mugg,lmugg7s@craigslist.org
282,Suki,Threadgall,sthreadgall7t@quantcast.com
283,Ayn,Krink,akrink7u@domainmarket.com
284,Ty,Laffoley-Lane,tlaffoleylane7v@infoseek.co.jp
285,Heinrick,Gatch,hgatch7w@jimdo.com
286,Maryrose,Gyurkovics,mgyurkovics7x@auda.org.au
287,Don,Stollard,dstollard7y@zdnet.com
288,Fitz,Neil,fneil7z@noaa.gov
289,Cheri,Leitch,cleitch80@amazonaws.com
290,Mandi,Renoden,mrenoden81@patch.com
291,Mathilda,Puddle,mpuddle82@sfgate.com
292,Ginnie,Shorthouse,gshorthouse83@java.com
293,Bethanne,Rowles,browles84@so-net.ne.jp
294,Edgardo,Borsnall,eborsnall85@state.gov
295,Alvira,Cartmell,acartmell86@list-manage.com
296,Basilius,Loggie,bloggie87@macromedia.com
297,Oralie,MacGeaney,omacgeaney88@youtu.be
298,Tedi,Parsisson,tparsisson89@hc360.com
299,Cordie,Garford,cgarford8a@auda.org.au
300,Olenka,Fortoun,ofortoun8b@youtu.be
301,Clayborne,Le land,cleland8c@economist.com
302,Steven,Elcox,selcox8d@opensource.org
303,Ludovika,Suller,lsuller8e@google.co.jp
304,Lyle,Matzkaitis,lmatzkaitis8f@cafepress.com
305,Susann,Danev,sdanev8g@hostgator.com
306,Darrick,Stocker,dstocker8h@google.com.br
307,Emile,Arch,earch8i@google.com
308,Giuditta,Kirrage,gkirrage8j@qq.com
309,Elspeth,Brahm,ebrahm8k@moonfruit.com
310,Dicky,Bourne,dbourne8l@yahoo.com
311,Erick,Le Barr,elebarr8m@businessinsider.com
312,Catlee,Gooder,cgooder8n@linkedin.com
313,Carlin,Bier,cbier8o@senate.gov
314,Iormina,Cardow,icardow8p@de.vu
315,Ebonee,Lyes,elyes8q@guardian.co.uk
316,Ulrikaumeko,Edgcumbe,uedgcumbe8r@buzzfeed.com
317,Madelyn,Vibert,mvibert8s@netscape.com
318,Batholomew,Dowdney,bdowdney8t@e-recht24.de
319,Hamel,Gayler,hgayler8u@arizona.edu
320,Hermann,Goult,hgoult8v@msn.com
321,Annabel,Nuzzetti,anuzzetti8w@dmoz.org
322,Farra,Bowland,fbowland8x@seattletimes.com
323,Ganny,Luis,gluis8y@dedecms.com
324,Wallache,Lightollers,wlightollers8z@ucla.edu
325,Thornton,Sandyfirth,tsandyfirth90@hubpages.com
326,Giordano,Iacomelli,giacomelli91@homestead.com
327,Natalee,Elwood,nelwood92@imdb.com
328,Ruthie,Betser,rbetser93@twitpic.com
329,Constantino,Chaim,cchaim94@imageshack.us
330,Corty,Jewett,cjewett95@wisc.edu
331,Engelbert,Reavey,ereavey96@wikipedia.org
332,Dianne,Capp,dcapp97@g.co
333,Alexandr,Pepperell,apepperell98@google.com
334,Rodge,MacGuffie,rmacguffie99@disqus.com
335,Eugenie,Demange,edemange9a@yahoo.com
336,Geneva,Sterry,gsterry9b@umn.edu
337,Mora,Mindenhall,mmindenhall9c@barnesandnoble.com
338,Conchita,Posselwhite,cposselwhite9d@ovh.net
339,Edithe,Melbourn,emelbourn9e@cocolog-nifty.com
340,Lucine,Daubney,ldaubney9f@whitehouse.gov
341,Zacherie,Rozalski,zrozalski9g@dropbox.com
342,Whitaker,Mullany,wmullany9h@facebook.com
343,Ashlee,Mathelon,amathelon9i@blog.com
344,Joela,Caffin,jcaffin9j@comcast.net
345,Trent,Coie,tcoie9k@last.fm
346,Orsola,Amori,oamori9l@mail.ru
347,Delores,Evemy,devemy9m@zimbio.com
348,Haywood,Kneale,hkneale9n@spotify.com
349,Colline,Bredee,cbredee9o@webs.com
350,Herbie,Branthwaite,hbranthwaite9p@myspace.com
351,Traver,Deek,tdeek9q@soundcloud.com
352,Ernestine,Groom,egroom9r@prweb.com
353,Ethelin,Sedwick,esedwick9s@feedburner.com
354,Cherin,McEvilly,cmcevilly9t@cloudflare.com
355,Trenton,Chelley,tchelley9u@dyndns.org
356,Almire,Simmings,asimmings9v@npr.org
357,Padraig,Kidstone,pkidstone9w@yellowbook.com
358,Harwell,Gronaller,hgronaller9x@ustream.tv
359,Kayne,Mutimer,kmutimer9y@flavors.me
360,Gayleen,Szachniewicz,gszachniewicz9z@sina.com.cn
361,Tome,Garthshore,tgarthshorea0@about.com
362,Floria,Stannis,fstannisa1@apple.com
363,Merrielle,Hardeman,mhardemana2@toplist.cz
364,Marylin,Eglaise,meglaisea3@xrea.com
365,Rickey,Joppich,rjoppicha4@indiatimes.com
366,Kial,Craisford,kcraisforda5@booking.com
367,Carilyn,Antyshev,cantysheva6@utexas.edu
368,Tedra,Mushrow,tmushrowa7@ow.ly
369,Robbie,Sherman,rshermana8@squarespace.com
370,Glenn,Hoyles,ghoylesa9@businesswire.com
371,Gabriella,Frape,gfrapeaa@quantcast.com
372,Stanly,Buckam,sbuckamab@eventbrite.com
373,Melba,Sherrington,msherringtonac@nih.gov
374,Brannon,Bascomb,bbascombad@cam.ac.uk
375,Edan,Methley,emethleyae@dropbox.com
376,Eyde,Treversh,etrevershaf@disqus.com
377,Domeniga,Pomfrey,dpomfreyag@facebook.com
378,Isadore,Gomby,igombyah@marketwatch.com
379,Thea,Luxton,tluxtonai@goo.ne.jp
380,Shayna,Gostyke,sgostykeaj@reuters.com
381,Claudio,Grent,cgrentak@wisc.edu
382,Freddy,Wiltsher,fwiltsheral@jimdo.com
383,Leroy,Kibbye,lkibbyeam@blogtalkradio.com
384,Sullivan,Lawleff,slawleffan@google.it
385,Burg,Pogosian,bpogosianao@hatena.ne.jp
386,Kin,August,kaugustap@hugedomains.com
387,Emmalyn,Malkin,emalkinaq@mit.edu
388,Emylee,Cossem,ecossemar@archive.org
389,Gottfried,Winskill,gwinskillas@a8.net
390,Carry,Benaine,cbenaineat@tamu.edu
391,Glen,Liell,gliellau@4shared.com
392,Reeta,Vedyaev,rvedyaevav@last.fm
393,Joellyn,Shillington,jshillingtonaw@discuz.net
394,Cher,Grealish,cgrealishax@ucsd.edu
395,Joline,Hars,jharsay@networksolutions.com
396,Prudi,Valett,pvalettaz@ocn.ne.jp
397,Marti,Pritchett,mpritchettb0@twitter.com
398,Hollyanne,Meininger,hmeiningerb1@geocities.com
399,Mozelle,Sacaze,msacazeb2@blogspot.com
400,Rodina,Cruise,rcruiseb3@fema.gov
401,Nap,Piddocke,npiddockeb4@live.com
402,Garvy,Zarfat,gzarfatb5@sfgate.com
403,Shirlene,Bowman,sbowmanb6@unesco.org
404,Kath,Midford,kmidfordb7@networksolutions.com
405,Constanta,Maude,cmaudeb8@uol.com.br
406,Whitaker,Wordley,wwordleyb9@independent.co.uk
407,Cordy,Ormistone,cormistoneba@cmu.edu
408,Bogey,Heinemann,bheinemannbb@acquirethisname.com
409,Krishnah,Foffano,kfoffanobc@hhs.gov
410,Blanca,Drakeley,bdrakeleybd@adobe.com
411,Jo,Fuzzens,jfuzzensbe@netscape.com
412,Alejandrina,Colmer,acolmerbf@thetimes.co.uk
413,Lazarus,Payfoot,lpayfootbg@barnesandnoble.com
414,Judah,Ellesworthe,jellesworthebh@weebly.com
415,Hadrian,Diano,hdianobi@elegantthemes.com
416,Nappie,Behrend,nbehrendbj@creativecommons.org
417,Richy,Brightwell,rbrightwellbk@google.cn
418,Brana,Mehew,bmehewbl@cdc.gov
419,Janos,Elwood,jelwoodbm@google.it
420,Barby,Yegorev,byegorevbn@is.gd
421,Northrop,Burle,nburlebo@theguardian.com
422,Christean,Antognoni,cantognonibp@cloudflare.com
423,Farrand,Yakuntsov,fyakuntsovbq@google.nl
424,Vasili,Meeron,vmeeronbr@yandex.ru
425,Morty,Bladge,mbladgebs@t-online.de
426,Xena,Belsher,xbelsherbt@umn.edu
427,Gretna,Hise,ghisebu@indiatimes.com
428,Bryon,Domelaw,bdomelawbv@github.io
429,Nicolis,Kerr,nkerrbw@ucla.edu
430,Orlando,Selman,oselmanbx@disqus.com
431,Lorena,Bowich,lbowichby@youku.com
432,Natale,Somerscales,nsomerscalesbz@hexun.com
433,Katine,Battelle,kbattellec0@behance.net
434,Germaine,Jinkin,gjinkinc1@123-reg.co.uk
435,Natassia,Trickett,ntrickettc2@ifeng.com
436,Elizabet,MacKill,emackillc3@instagram.com
437,Roselle,Hardie,rhardiec4@cdbaby.com
438,Connie,Sturley,csturleyc5@noaa.gov
439,Malva,Worsley,mworsleyc6@usda.gov
440,Ikey,Oboy,ioboyc7@yellowbook.com
441,Maurizia,Gronw,mgronwc8@tinyurl.com
442,Valentine,Carbin,vcarbinc9@about.com
443,Elset,Worster,eworsterca@mapy.cz
444,Zedekiah,Dossett,zdossettcb@prlog.org
445,Eydie,Jeaffreson,ejeaffresoncc@patch.com
446,Thea,Conrard,tconrardcd@plala.or.jp
447,Powell,Calcutt,pcalcuttce@techcrunch.com
448,Mab,Rushworth,mrushworthcf@springer.com
449,Tammy,Hargey,thargeycg@usnews.com
450,Nicola,Whear,nwhearch@vistaprint.com
451,Rodge,Warkup,rwarkupci@shop-pro.jp
452,Roberta,Grisbrook,rgrisbrookcj@nih.gov
453,Pegeen,Bounde,pboundeck@scientificamerican.com
454,Amory,Chaney,achaneycl@google.nl
455,Niles,Appleby,napplebycm@gizmodo.com
456,Melvyn,Garnsworth,mgarnsworthcn@blogspot.com
457,Orella,Zienkiewicz,ozienkiewiczco@angelfire.com
458,Jillie,Jarnell,jjarnellcp@twitpic.com
459,Cirillo,Haskayne,chaskaynecq@scribd.com
460,Reeba,Becken,rbeckencr@altervista.org
461,Nehemiah,Birdseye,nbirdseyecs@i2i.jp
462,Iolande,Gellately,igellatelyct@shop-pro.jp
463,Aveline,Doggart,adoggartcu@naver.com
464,Verge,Strut,vstrutcv@parallels.com
465,Miles,Brumfitt,mbrumfittcw@amazon.de
466,Yevette,Halleybone,yhalleybonecx@w3.org
467,Holli,Welfare,hwelfarecy@gmpg.org
468,Raymond,Stiling,rstilingcz@cocolog-nifty.com
469,Tucker,Eastridge,teastridged0@oracle.com
470,Rhonda,Shelford,rshelfordd1@sourceforge.net
471,Krista,Bagshaw,kbagshawd2@house.gov
472,Marie-jeanne,Joris,mjorisd3@theglobeandmail.com
473,Tyrone,Flett,tflettd4@tripod.com
474,Patrizio,Varvell,pvarvelld5@mapquest.com
475,Deane,de Keep,ddekeepd6@indiatimes.com
476,Pam,Kahan,pkahand7@bbc.co.uk
477,Dian,Rowes,drowesd8@privacy.gov.au
478,Kris,Trussell,ktrusselld9@house.gov
479,Rosie,Bruty,rbrutyda@fda.gov
480,Jesse,Kirmond,jkirmonddb@loc.gov
481,Emmalyn,Harberer,eharbererdc@oracle.com
482,Lorie,Cockerham,lcockerhamdd@theatlantic.com
483,Cece,Tomicki,ctomickide@ed.gov
484,Welby,Sommerfeld,wsommerfelddf@slate.com
485,Braden,Peters,bpetersdg@macromedia.com
486,Ceil,Greedier,cgreedierdh@pcworld.com
487,Sam,Normansell,snormanselldi@hatena.ne.jp
488,Baxter,Niblo,bniblodj@blogtalkradio.com
489,Farr,Paolotto,fpaolottodk@hugedomains.com
490,Haleigh,Bonhan,hbonhandl@reddit.com
491,Ogdan,Seilmann,oseilmanndm@gravatar.com
492,Adelle,Sherwin,asherwindn@omniture.com
493,Eugenie,Tatnell,etatnelldo@ameblo.jp
494,Mona,Ludlam,mludlamdp@hhs.gov
495,Aridatha,Henri,ahenridq@rakuten.co.jp
496,Legra,Lough,lloughdr@123-reg.co.uk
497,Tarra,Pipes,tpipesds@ebay.co.uk
498,Shaw,Potkins,spotkinsdt@photobucket.com
499,Kain,Shervil,kshervildu@cisco.com
500,Lian,Dackombe,ldackombedv@home.pl
